timestamp,source_ip,destination_port,event
2025-10-01T12:01:00,192.0.2.2,80,connect
2025-10-01T12:02:00,192.0.2.3,80,connect
2025-10-01T12:03:00,192.0.2.4,22,connect
2025-10-01T12:04:00,192.0.2.5,80,connect
2025-10-01T12:05:00,192.0.2.1,80,connect
2025-10-01T12:06:00,192.0.2.2,22,connect
2025-10-01T12:07:00,192.0.2.3,80,failed_login
2025-10-01T12:08:00,192.0.2.4,80,connect
2025-10-01T12:09:00,192.0.2.5,22,connect
2025-10-01T12:010:00,192.0.2.1,80,connect
2025-10-01T12:011:00,192.0.2.2,80,connect
2025-10-01T12:012:00,192.0.2.3,22,connect
2025-10-01T12:013:00,192.0.2.4,80,connect
2025-10-01T12:014:00,192.0.2.5,80,failed_login
2025-10-01T12:015:00,192.0.2.1,22,connect
2025-10-01T12:016:00,192.0.2.2,80,connect
2025-10-01T12:017:00,192.0.2.3,80,connect
2025-10-01T12:018:00,192.0.2.4,22,connect
2025-10-01T12:019:00,192.0.2.5,80,connect
2025-10-01T12:020:00,192.0.2.1,80,connect
2025-10-01T12:021:00,192.0.2.2,22,failed_login
2025-10-01T12:022:00,192.0.2.3,80,connect
2025-10-01T12:023:00,192.0.2.4,80,connect
2025-10-01T12:024:00,192.0.2.5,22,connect
2025-10-01T12:025:00,192.0.2.1,80,connect
2025-10-01T12:026:00,192.0.2.2,80,connect
2025-10-01T12:027:00,192.0.2.3,22,connect
2025-10-01T12:028:00,192.0.2.4,80,failed_login
2025-10-01T12:029:00,192.0.2.5,80,connect
2025-10-01T12:030:00,192.0.2.1,22,connect
2025-10-01T12:031:00,192.0.2.2,80,connect
2025-10-01T12:032:00,192.0.2.3,80,connect
2025-10-01T12:033:00,192.0.2.4,22,connect
2025-10-01T12:034:00,192.0.2.5,80,connect
2025-10-01T12:035:00,192.0.2.1,80,failed_login
2025-10-01T12:036:00,192.0.2.2,22,connect
2025-10-01T12:037:00,192.0.2.3,80,connect
2025-10-01T12:038:00,192.0.2.4,80,connect
2025-10-01T12:039:00,192.0.2.5,22,connect
2025-10-01T12:040:00,192.0.2.1,80,connect
2025-10-01T12:041:00,192.0.2.2,80,connect
2025-10-01T12:042:00,192.0.2.3,22,failed_login
2025-10-01T12:043:00,192.0.2.4,80,connect
2025-10-01T12:044:00,192.0.2.5,80,connect
2025-10-01T12:045:00,192.0.2.1,22,connect
2025-10-01T12:046:00,192.0.2.2,80,connect
2025-10-01T12:047:00,192.0.2.3,80,connect
2025-10-01T12:048:00,192.0.2.4,22,connect
2025-10-01T12:049:00,192.0.2.5,80,failed_login
2025-10-01T12:050:00,192.0.2.1,80,connect
2025-10-01T12:051:00,192.0.2.2,22,connect
2025-10-01T12:052:00,192.0.2.3,80,connect
2025-10-01T12:053:00,192.0.2.4,80,connect
2025-10-01T12:054:00,192.0.2.5,22,connect
2025-10-01T12:055:00,192.0.2.1,80,connect
2025-10-01T12:056:00,192.0.2.2,80,failed_login
2025-10-01T12:057:00,192.0.2.3,22,connect
2025-10-01T12:058:00,192.0.2.4,80,connect
2025-10-01T12:059:00,192.0.2.5,80,connect
2025-10-01T12:060:00,192.0.2.1,22,connect
2025-10-01T12:061:00,192.0.2.2,80,connect
2025-10-01T12:062:00,192.0.2.3,80,connect
2025-10-01T12:063:00,192.0.2.4,22,failed_login
2025-10-01T12:064:00,192.0.2.5,80,connect
2025-10-01T12:065:00,192.0.2.1,80,connect
2025-10-01T12:066:00,192.0.2.2,22,connect
2025-10-01T12:067:00,192.0.2.3,80,connect
2025-10-01T12:068:00,192.0.2.4,80,connect
2025-10-01T12:069:00,192.0.2.5,22,connect
2025-10-01T12:070:00,192.0.2.1,80,failed_login
2025-10-01T12:071:00,192.0.2.2,80,connect
2025-10-01T12:072:00,192.0.2.3,22,connect
2025-10-01T12:073:00,192.0.2.4,80,connect
2025-10-01T12:074:00,192.0.2.5,80,connect
2025-10-01T12:075:00,192.0.2.1,22,connect
2025-10-01T12:076:00,192.0.2.2,80,connect
2025-10-01T12:077:00,192.0.2.3,80,failed_login
2025-10-01T12:078:00,192.0.2.4,22,connect
2025-10-01T12:079:00,192.0.2.5,80,connect
2025-10-01T12:080:00,192.0.2.1,80,connect
2025-10-01T12:081:00,192.0.2.2,22,connect
2025-10-01T12:082:00,192.0.2.3,80,connect
2025-10-01T12:083:00,192.0.2.4,80,connect
2025-10-01T12:084:00,192.0.2.5,22,failed_login
2025-10-01T12:085:00,192.0.2.1,80,connect
2025-10-01T12:086:00,192.0.2.2,80,connect
2025-10-01T12:087:00,192.0.2.3,22,connect
2025-10-01T12:088:00,192.0.2.4,80,connect
2025-10-01T12:089:00,192.0.2.5,80,connect
2025-10-01T12:090:00,192.0.2.1,22,connect
2025-10-01T12:091:00,192.0.2.2,80,failed_login
2025-10-01T12:092:00,192.0.2.3,80,connect
2025-10-01T12:093:00,192.0.2.4,22,connect
2025-10-01T12:094:00,192.0.2.5,80,connect
2025-10-01T12:095:00,192.0.2.1,80,connect
2025-10-01T12:096:00,192.0.2.2,22,connect
2025-10-01T12:097:00,192.0.2.3,80,connect
2025-10-01T12:098:00,192.0.2.4,80,failed_login
2025-10-01T12:099:00,192.0.2.5,22,connect
2025-10-01T12:0100:00,192.0.2.1,80,connect
2025-10-01T12:0101:00,192.0.2.2,80,connect
2025-10-01T12:0102:00,192.0.2.3,22,connect
2025-10-01T12:0103:00,192.0.2.4,80,connect
2025-10-01T12:0104:00,192.0.2.5,80,connect
2025-10-01T12:0105:00,192.0.2.1,22,failed_login
2025-10-01T12:0106:00,192.0.2.2,80,connect
2025-10-01T12:0107:00,192.0.2.3,80,connect
2025-10-01T12:0108:00,192.0.2.4,22,connect
2025-10-01T12:0109:00,192.0.2.5,80,connect
2025-10-01T12:0110:00,192.0.2.1,80,connect
2025-10-01T12:0111:00,192.0.2.2,22,connect
2025-10-01T12:0112:00,192.0.2.3,80,failed_login
2025-10-01T12:0113:00,192.0.2.4,80,connect
2025-10-01T12:0114:00,192.0.2.5,22,connect
2025-10-01T12:0115:00,192.0.2.1,80,connect
2025-10-01T12:0116:00,192.0.2.2,80,connect
2025-10-01T12:0117:00,192.0.2.3,22,connect
2025-10-01T12:0118:00,192.0.2.4,80,connect
2025-10-01T12:0119:00,192.0.2.5,80,failed_login
2025-10-01T12:0120:00,192.0.2.1,22,connect